Source_Mol,Target_Mol
YYH?WHRGVTKRSLSPHRPR?SRLQR,YYHFWHRGVTKRSLSPHRPRHSRLQR
KVLVK?LGGLLKL??L??,KVLVKYLGGLLKLAALMV
KRRKF??KVL??LKKIL,KRRKFWKKVLKKLKKIL
KL?KHK?L?TL?,KLLKHKLLVTLA
?LGGLIKIVPAMICAV?KKC,FLGGLIKIVPAMICAVTKKC
S?IGKLPKWI?KT?NKF??K,STIGKLPKWIIKTVNKFTKK
FIHHIIGGLFSVGKHI?GLIHG?,FIHHIIGGLFSVGKHIHGLIHGH
G?KKPVPIIY?NRRTGKCQRM,GSKKPVPIIYCNRRTGKCQRM
VNGL?HKIYGNIRYS,VNGLLHKIYGNIRYS
RRVCRNTTNR?V?R,RRVCRNTTNRCVRR
RWCVYARVR??RYRRCW,RWCVYARVRGVRYRRCW
NFFKRIRRAG?RI?KAIISA,NFFKRIRRAGKRIRKAIISA
RR?I?K?IKKVKK?KKAI,RRGIKKFIKKVKKVKKAI
?LFSAGKAI?RL?R?RRR,FLFSAGKAIHRLIRRRRR
GIGAV?KVL?TG?PALIK?KRQQ,GIGAVLKVLTTGLPALIKRKRQQ
RLLRRL?R?LLRRLLRRL?R,RLLRRLLRRLLRRLLRRLLR
VRFK??SHSL?VTLASHL,VRFKLLSHSLLVTLASHL
KFFKKLKKSVKKHVKK?F?KPKVIGVSIPF,KFFKKLKKSVKKHVKKFFKKPKVIGVSIPF
FLGAL?KVA?KVLPS?KCAITK??,FLGALFKVASKVLPSVKCAITKKC
G?WRRTVRRV??AVRRV,GWWRRTVRRVRNAVRRV
?RSSRAGLQWPVGRVH?LLRK,TRSSRAGLQWPVGRVHRLLRK
VDN?NDLL?KVKKDKSD,VDNANDLLSKVKKDKSD
KYEITTIHNLFRKLTHRLFRRNF?YTLR,KYEITTIHNLFRKLTHRLFRRNFGYTLR
?SK?LP?SVL?P,YSKSLPLSVLNP
KWKKN?TKIIQGF?KG?IGTILNL?KK,KWKKNWTKIIQGFLKGGIGTILNLKKK
GV?KVSRLKG??LRARL,GVVKVSRLKGESLRARL
GG?GH?PEYF??IGTPISFYG,GGAGHVPEYFVGIGTPISFYG
LLKK?LAL?KKVL,LLKKVLALLKKVL
R?GLQFPVGRVHRLLRK,RAGLQFPVGRVHRLLRK
R??R?R?PRLPRP?PR,RRLRPRRPRLPRPRPR
?LLS?SL?V??A,KLLSHSLLVTLA
V?L?IRV???RK,VRLRIRVRVIRK
TRSS?AGLQWPVG?VH?LLRK,TRSSRAGLQWPVGRVHRLLRK
GLFGKSSVWGR?Y?VDLAGC?KA,GLFGKSSVWGRKYYVDLAGCAKA
KK?A?IAKKFINWLW,KKFATIAKKFINWLW
GLN?LKKV?QGIHEAIKLIN?HVQ,GLNALKKVFQGIHEAIKLINNHVQ
RRVCRNTR?V?RNT,RRVCRNTRRVCRNT
FAKKLAK?KKKLAKLALAL,FAKKLAKLKKKLAKLALAL
?RRFP??WPF?R?,VRRFPWWWPFLRR
RW?VYAYVRVRGV?VRYRRCW,RWCVYAYVRVRGVLVRYRRCW
GSK?PVPIIY?NRRTGK?QRM,GSKKPVPIIYCNRRTGKCQRM
K?KK??KIGKVLKVL,KWKKFKKIGKVLKVL
LLPIVGNLLKA??,LLPIVGNLLKALL
FKWKSVLKGVKG??KGYF,FKWKSVLKGVKGFVKGYF
AKKVFKRL?KLFSKI?NDK,AKKVFKRLEKLFSKIQNDK
LKKW??T?KGLLG?LLGKVTSVIK,LKKWWKTSKGLLGGLLGKVTSVIK
SM???LKNLGKVGL?F?ACKINKQC,SMLSVLKNLGKVGLGFVACKINKQC
FKRLKKLFSKIWN??,FKRLKKLFSKIWNWK
?FRPPIRRPPIRPPFYR,RFRPPIRRPPIRPPFYR
FMPILSCSR?KRC,FMPILSCSRFKRC
RWCVYAYRR?RGVLVRYRRC?,RWCVYAYRRVRGVLVRYRRCW
FI?G?LFSAGKAIHRLIR?RR?,FIIGGLFSAGKAIHRLIRRRRR
AK??F???RKLFKKI,AKKVFKRLRKLFKKI
FLGKV?KLAS?VFG??FGK?,FLGKVFKLASKVFGAVFGKV
LGLFKKLLRLIK?G?KL,LGLFKKLLRLIKKGFKL
?MARNK?LLKKL?LKIAFK,PMARNKKLLKKLRLKIAFK
AKKVF?R?E?LFSK??NDK,AKKVFKRLEKLFSKIWNDK
IA?KFWP?F?KFWKIF?KIA,IAKKFWPKFWKFWKIFKKIA
?Q?RFR??VRRK,HQFRFRFRVRRK
?GRFKRFRK?F?KLFKKL?,MGRFKRFRKKFKKLFKKLS
LKKLKW?AHRLK?MLKKYLKPTA?SS,LKKLKWLAHRLKGMLKKYLKPTAASS
G?VKVSRL?GE??RA?L,GVVKVSRLKGESLRARL
FLPL?AGLCKITRKCAAN??PKI?,FLPLLAGLCKITRKCAANFLPKIF
T?FLNELNKYN?KKFI,TSFLNELNKYNEKKFI
S??WRHWRRFWHRAHRLH,SKVWRHWRRFWHRAHRLH
FI?IIGG?FSAGKAIHRL?RR?R?,FIHIIGGLFSAGKAIHRLIRRRRR
KKCIAKAIL?KA?KLLKKLV??,KKCIAKAILKKAKKLLKKLVNP
AKK?FKRLEK?FSKIQN??,AKKVFKRLEKSFSKIQNDK
AG?FK??ARA?AKGF?A,AGLFKKLARAIAKGFKA
R?R?IVV?RVFR,RLRRIVVIRVFR
?LPIVG?LLKSL?,LLPIVGALLKSLL
WFGKLYRGITKVVKKVK??LKG,WFGKLYRGITKVVKKVKGLLKG
ATAWDFGPHGLLPIRPIRIRPLC?KDKS,ATAWDFGPHGLLPIRPIRIRPLCGKDKS
F?KKLAKLKKKLAKLALAL,FAKKLAKLKKKLAKLALAL
WFGK?YRGKTKV?KKVKG?LKG,WFGKLYRGKTKVVKKVKGLLKG
VDK?SYR?RPTPPKPIYNRN,VDKGSYRPRPTPPKPIYNRN
?L??WLRKFKKFWK,GLRKWLRKFKKFWK
VNFKLLSH?LLV??AS?L,VNFKLLSHSLLVTLASHL
G?FGKIL?VGKK??CGLSGV?,GIFGKILGVGKKVLCGLSGVC
IKCKF?CG?C??GVCGVCCRF,IKCKFCCGCCTPGVCGVCCRF
A??VF?RLR?LFK?I,AKKVFKRLRKLFKKI
IK?FWPV??RTV?AGYNLYRAI?KK,IKRFWPVVIRTVVAGYNLYRAIKKK
?FGKL?RGITKVVKK?KGLLKG,WFGKLYRGITKVVKKVKGLLKG
AKK?FKRLEKL??KIWNDK,AKKVFKRLEKLFSKIWNDK
AHPK??RKL?RMQRKKDGKQ?RH,AHPKVKRKLKRMQRKKDGKQKRH
?WK?NWTKIIQGFLKGGIG?ILNLKKK,KWKKNWTKIIQGFLKGGIGTILNLKKK
?NFLLHKIYDN?R??,VNFLLHKIYDNIRYS
FL?NGGSY??VPAF?GKG,FLRNGGSYYIVPAFRGKG
KFFKKLK?A??KGFKK??KV,KFFKKLKKAVKKGFKKFAKV
GSKKPVPIIYCNRRTGKCQ?M,GSKKPVPIIYCNRRTGKCQRM
KFFKKLKKAVKKGF?KFAKV,KFFKKLKKAVKKGFKKFAKV
RGLRALGR?IA?G??A?G,RGLRALGRKIAHGVKAYG
RAG?QFPVGR?HRLLRK,RAGLQFPVGRVHRLLRK
AKKFFKKP?VIGV?IPF,AKKFFKKPRVIGVSIPF
?KKFF?KLK???KKR,FKKFFKKLKNSVKKR
GLFGK?SVWGR?YYVDL?GCAKA,GLFGKSSVWGRKYYVDLAGCAKA
GMAKLL?KV??HVVKL??,GMAKLLAKVLPHVVKLIK
KRFKKFFKKLKKFV?KGFK?FA?V,KRFKKFFKKLKKFVKKGFKKFAKV
AKKVFKR?EK?FS?I?N?K,AKKVFKRLEKLFSKIWNWK
I?KKFWPKFWKFWKIF?KIA,IAKKFWPKFWKFWKIFKKIA
GL?SGILGAGKHIVCGLSGLR,GLLSGILGAGKHIVCGLSGLR
KKIAKKFWKK?WKFWPKFWKIFKK,KKIAKKFWKKFWKFWPKFWKIFKK
??FA?IAKKFI?K?W,KKFATIAKKFINKLW
F?GKVFKLASKVF?A?F?KV,FLGKVFKLASKVFKAVFGKV
KIAHGVK?YGPTVLRII?IAG,KIAHGVKKYGPTVLRIIRIAG
?F??K?KKAVKKGFKKFAKV,KFFKKLKKAVKKGFKKFAKV
TRRK?WKKVLNGALKIAPF?LG,TRRKFWKKVLNGALKIAPFLLG
?LKVVFKLASK?FPAVFG?V,FLKVVFKLASKVFPAVFGKV
?K?VFKRLEKLFSKI,AKKVFKRLEKLFSKI
?VR?TRICNLRTRRCVYIIRRI,AVRVTRICNLRTRRCVYIIRRI
VIPFVASVAAEMM?HVYCAASKKC,VIPFVASVAAEMMQHVYCAASKKC
G?Q?PVGRV?RLL?K,GLQFPVGRVHRLLRK
KFFKKLKKAVKKGFK??AKV,KFFKKLKKAVKKGFKKFAKV
AIHKLAH?LL?K?LK?VKKLAK,AIHKLAHKLLKKLLKAVKKLAK
I?RW??R?WRWR?,ILRWKWRWWRWRR
??FKKL?KAVKK?FKKFAKV,KFFKKLKKAVKKGFKKFAKV
AKKVF?RLEKLFSKI,AKKVFKRLEKLFSKI
AKKFFKKP?VIG?S???,AKKFFKKPRVIGVSIPF
RRLCRIVVIRVC?R,RRLCRIVVIRVCRR
KRRGSVTT?YQFLMIHLLRPKK?FA,KRRGSVTTRYQFLMIHLLRPKKLFA
FLGALF??AS?VLPSVKCAIT?KC,FLGALFKVASKVLPSVKCAITKKC
R?GRFL?KIRFFRL?,RFGRFLRKIRFFRLK
AGLQFPVGRV?RLLRK,AGLQFPVGRVHRLLRK
?IGRRG?YCAGIIK?TC?CYR,SIGRRGGYCAGIIKQTCTCYR
KWKLFKK?G??LKVL,KWKLFKKIGKVLKVL
GFF?KAWRKVKHAGRRVL,GFFKKAWRKVKHAGRRVL
WFGHLYRG???VVKHVHGLLSG,WFGHLYRGITSVVKHVHGLLSG
?RR?FWKKVL?GALKIA,TRRKFWKKVLNGALKIA
IIS?IGKLVKWIIKTVN?FTKK,IISTIGKLVKWIIKTVNKFTKK
VDQ?VFKDI?WRMKQW?QRV?KRAAKYNV,VDQTVFKDIWWRMKQWKQRVKKRAAKYNV
VNFKLLSHSLLV???SHL,VNFKLLSHSLLVTLRSHL
GLGSLLGKAFKIGL?TVGK?MGGA??EQ,GLGSLLGKAFKIGLKTVGKMMGGAPREQ
VDKGSYL?RPT?PRPI?NR?,VDKGSYLPRPTPPRPIYNRN
RLL?RLLRRLLRRLLRRLLR,RLLRRLLRRLLRRLLRRLLR
FL?ALFKVA?KVL,FLGALFKVASKVL
VRGKR?WDIVRRW?GWL,VRGKRLWDIVRRWVGWL
FFRNLWKGAKAAFRAGHAAWR?,FFRNLWKGAKAAFRAGHAAWRA
WL?AL?KVA??VL,WLGALFKVASKVL
TRSRW?R?IRGAGRF?RRYGWRIA,TRSRWRRFIRGAGRFARRYGWRIA
?IGRRGGYCAGIIKQ??TCYR,SIGRRGGYCAGIIKQTCTCYR
?K?KNKGKKNG??NGWKW?W,GKHKNKGKKNGKHNGWKWWW
FIHHII?GLFSAGK?I?RLIRRRRR,FIHHIIGGLFSAGKAIHRLIRRRRR
F?GKVFKL?S?VF?KVFG?V,FLGKVFKLASKVFPKVFGKV
SSRRKP?KGWL?KL?L?G?YTL,SSRRKPCKGWLCKLKLRGGYTL
VNFLLH?IYGN?R??,VNFLLHKIYGNIRYS
GGGGKKCKKLFKKCSPVIPLL?LG,GGGGKKCKKLFKKCSPVIPLLHLG
GLF?KSSVWGRKYYVDLA?C?KA,GLFGKSSVWGRKYYVDLAGCAKA
?WGLIAHGVGHVGRLIHGLIRG,IWGLIAHGVGHVGRLIHGLIRG
FLKVVFKLASKVFG?VFGK?,FLKVVFKLASKVFGAVFGKV
R?R??RLALR?LKL,RTRTWRLALRWLKL
FK?LE?LFKKI?NWK,FKRLEKLFKKIWNWK
?SVVNKLT?GVAGLLK,ASVVNKLTGGVAGLLK
PRPPHPPR?PHPPRPPHP?R?PHPRL,PRPPHPPRPPHPPRPPHPPRPPHPRL
RAGLQ?PV?RV??LL?,RAGLQFPVGRVHRLLR
LSFPTT?TYFPHF,LSFPTTKTYFPHF
KKI?KKFWKKF?KFWPKF?KIF??,KKIAKKFWKKFWKFWPKFWKIFKK
FIKKFAKKFKKFI?KFAKFAFAF,FIKKFAKKFKKFIKKFAKFAFAF
K?LLPI?AN?LK??L,KKLLPIVANLLKSLL
GIGAV?KWLPA?IK?K?Q?,GIGAVLKWLPALIKRKRQQ
?GGRLCYC??RFCVCT,RGGRLCYCRRRFCVCT
LGRKIA?GVK?YGP?VLRI?,LGRKIAHGVKKYGPTVLRII
FAK?L?K??KK?AKLAKKR,FAKKLAKLKKKLAKLAKKR
G?GKALKK?KKGIGAVLKVLTTGL,GIGKALKKAKKGIGAVLKVLTTGL
GFGSFLGKALKAALK?GANVLGGAP?Q,GFGSFLGKALKAALKIGANVLGGAPEQ
K?KLFKK?G?V?KKL,KWKLFKKIGAVLKKL
?F?KLY?G?TSVVKKV?GLLSG,WFGKLYRGITSVVKKVKGLLSG
LKKWWK?SKGLLGGL?GKVT?VIK,LKKWWKTSKGLLGGLLGKVTSVIK
AAL?G?WTKSIPPKPCFGKR,AALKGCWTKSIPPKPCFGKR
??KIISTIGK?VKWIIKTVNKF??K,AQKIISTIGKLVKWIIKTVNKFTKK
APLKM??ILEIVHRR?KQNKMKAA?,APLKMKAILEIVHRRMKQNKMKAAF
?FFKKLKKAV?KGFKKFA?V,KFFKKLKKAVKKGFKKFAKV
KFF?KLKK?V?KGF?KFA?V,KFFKKLKKAVKKGFKKFAKV
E??CRRRFCVCVGR,ECYCRRRFCVCVGR
RR?CRNTRRVCRNT,RRVCRNTRRVCRNT
FAKK??KL?KK?AK?AKKR,FAKKLAKLKKKLAKLAKKR
GIL?KFMLHRGTKVY?MRTLSKRSH,GILKKFMLHRGTKVYKMRTLSKRSH
PRPPH?PRP???R?,PRPPHPPRPPHPRL
GLASFLGKALKAGL?IGSHLLGGAPQQ,GLASFLGKALKAGLKIGSHLLGGAPQQ
KR?WPVVIRT?VAGYNLYRAIKK?,KRFWPVVIRTVVAGYNLYRAIKKK
ATPKME?FL?KLMKRM?RLK?SAV,ATPKMEQFLQKLMKRMARLKASAV
KWKKF?KIGA?LK?L,KWKKFKKIGAVLKKL
?KKWFK?IF?RL,IKKWFKKIFKRL
IISTIGK??KWIIKTVNK?TK?,IISTIGKLVKWIIKTVNKFTKK
KFFKKLKKAVKKGFKKFA??,KFFKKLKKAVKKGFKKFAKV
TRRKFWKKVLN?ALKIAP?LLG,TRRKFWKKVLNGALKIAPFLLG
RGLRR?GRKIAHGVKKYGPTVLR?IRIAG,RGLRRLGRKIAHGVKKYGPTVLRIIRIAG
GMASLLAKVLPKVVKLI?,GMASLLAKVLPKVVKLIK
?KGLQ?LV??VHRL?RK,RKGLQKLVGRVHRLLRK
?M?SLWAK?LP?VVKL?K,GMASLWAKVLPHVVKLIK
GLLSG?L?AGKHIVCGLS?L?,GLLSGILGAGKHIVCGLSGLR
GLRKRLRKFRNKIKE?,GLRKRLRKFRNKIKEK
KWKS?I?K?TSVLKKVVTTALPALIS,KWKSFIKKLTSVLKKVVTTALPALIS
?SKKPVPIIYCNRRSGKCQ?M,GSKKPVPIIYCNRRSGKCQRM
AKKVFKRLEK?FSKIQN,AKKVFKRLEKLFSKIQN
?LK?LF?VAS?VL,FLKALFKVASKVL
RK?G?L?LQGIFG?YY?FWHRGV,RKHGFLNLQGIFGDYYHFWHRGV
K?KL?K?IGA?LK?L,KWKLFKKIGAVLKVL
?AKKFWKKFWK?W?I?KKIA,IAKKFWKKFWKFWKIFKKIA
KWK?FIKNLTKVLKKVVTTALPALIS,KWKSFIKNLTKVLKKVVTTALPALIS
FFRHIVG?ISRIFGQKQRDMAD,FFRHIVGAISRIFGQKQRDMAD
VRFKLL?HSL?VTL??H?,VRFKLLSHSLLVTLASHL
STIGKLVKWI?KTVNKFTKK,STIGKLVKWIIKTVNKFTKK
FL?KVF?LA?KVFPA?FGKV,FLKKVFKLASKVFPAVFGKV
?WGLIAHG?GHVGRLIHGLIRG,IWGLIAHGVGHVGRLIHGLIRG
GFC?YVCAR?NGARVCYRRCN,GFCWYVCARRNGARVCYRRCN
FAKALKALLKA??AL,FAKALKALLKALKAL
RG?RRLG??IAHGVKKYG,RGLRRLGRKIAHGVKKYG
KFFKKLKKA?KKGFKKFAKV,KFFKKLKKAVKKGFKKFAKV
?WAFR??YRGIAYR?A?,KWAFRVAYRGIAYRRAR
VNF?LLS?S?LV?LASH?,VNFKLLSHSLLVTLASHL
KKIWQKI?NFFRKL,KKIWQKIKNFFRKL
?LLSG?LGAGKHIVCGLSGLR,GLLSGILGAGKHIVCGLSGLR
AG?FK?LARA?KKGFK?,AGLFKKLARAIKKGFKK
GLFKKLWRKI?KWF,GLFKKLWRKIKKWF
KL?K?I???VNKFTKK,KLVKWIIKTVNKFTKK
RAGLQ??VGR?LRRLLRRLLR,RAGLQFPVGRLLRRLLRRLLR
NIRRI?RKI?HI?KKY,NIRRIIRKIIHIIKKY
GFGSFLGKALKAALKI?ANVLGG?PQQ,GFGSFLGKALKAALKIGANVLGGAPQQ
VR???LS?SL?VTLASHL,VRFKLLSHSLLVTLASHL
?NFL?HKIYGNIRD?,VNFLLHKIYGNIRDS
W?GALF?VASKVL,WLGALFKVASKVL
FL?S?GK?IHRLIRRRRR,FLFSAGKAIHRLIRRRRR
RGLFKKLLR?I?K?FKK,RGLFKKLLRKIKKGFKK
KWKLFKKKGTGAVL??LTTGLPA??S,KWKLFKKKGTGAVLTVLTTGLPALIS
?WWR?TV?KV?NA?RKV,GWWRRTVKKVRNAVRKV
WFGK??RGITK?VKKV?GLLKG,WFGKLYRGITKVVKKVKGLLKG
GIGKFLHS?K???KA?VGEIMNS,GIGKFLHSAKKFGKAFVGEIMNS
F?KKLA?LKKKL?KLAKKR,FAKKLAKLKKKLAKLAKKR
LWRK?KKWF?KIF??L,LWRKIKKWFKKIFKRL
GLV?SLIKGAGKL?GGLFGSVTGGQS,GLVTSLIKGAGKLLGGLFGSVTGGQS
LRRKI???FKKIF?RL,LRRKIKKGFKKIFKRL
FLG?V?KLASKVVPAVFGKV,FLGVVFKLASKVVPAVFGKV
FLGKV?KLASKV?KAVFGKV,FLGKVFKLASKVFKAVFGKV
IK?WFKKIFKRL,IKKWFKKIFKRL
QSHLSMCRYCCKCCRNKGCGFC?RF,QSHLSMCRYCCKCCRNKGCGFCCRF
RQRV?E?S?FS?KG?AARRRK,RQRVEELSKFSKKGAAARRRK
SKVWRHWRRFW?RAHRLH,SKVWRHWRRFWHRAHRLH
AGLQFPVG?VHRLLRK,AGLQFPVGRVHRLLRK
R?LRRLGRKIAHGVKKYGPTVLRIIRI?G,RGLRRLGRKIAHGVKKYGPTVLRIIRIAG
?FFRKL?KSVKKRAKKFFKKPRVI?VSIPF,KFFRKLKKSVKKRAKKFFKKPRVIGVSIPF
KF?L?FC?KGF?FKA?GK,KFCLKFCFKGFCFKACGK
FI??IFRGIV?AGRSIGRFLTG,FIHHIFRGIVHAGRSIGRFLTG
??VKV?LK?FKSIRE,AVVKVPLKKFKSIRE
KFFKKLKK?VKK??KKFAKV,KFFKKLKKAVKKGFKKFAKV
KFGY?YDSLELEGRSISRIDELIQQ?,KFGYRYDSLELEGRSISRIDELIQQR
GLVT?LIKGAGKLLGGLFGSVTGGQS,GLVTSLIKGAGKLLGGLFGSVTGGQS
WFGH?YRGITK?VK?V?GLLKG,WFGHLYRGITKVVKHVHGLLKG
V?YCRR?FC??VGR,VCYCRRRFCVCVGR
GIL?TLK?FAKGV?KDLVKGAAQGVL?TVS,GILDTLKQFAKGVGKDLVKGAAQGVLSTVS
ACNGLRPR?IRSICEKLVRKYQDK,ACNGLRPRFIRSICEKLVRKYQDK
FIKKFAKKF?KF?KKFAK??FAF,FIKKFAKKFKKFIKKFAKFAFAF
FLGGLIKIV?AMI??VTK?C?HHHHH,FLGGLIKIVPAMICAVTKKCHHHHHH
FF?HIFRGIVH??KTIHRLV?G,FFHHIFRGIVHVGKTIHRLVTG
KKIA?KFWK?F??FWKIFKK,KKIAKKFWKKFWKFWKIFKK
?WGSFFK?A?HVGKHVG?AAL?HYL,GWGSFFKKAAHVGKHVGKAALTHYL
KWK?P?L?K?LL?,KWKYPKLLKKLLK
KV??R?EKLFSKIQNDK,KVFKRLEKLFSKIQNDK
FFH?IFRG?VHVGKTIHRLVTG,FFHHIFRGIVHVGKTIHRLVTG
LNLK?ILGKIG?MLSHLN,LNLKKILGKIGVMLSHLN
G?GAVLKW?PALI??K?QQ,GIGAVLKWLPALIKRKRQQ
FLRNGGSYY??PAFR?KG,FLRNGGSYYIVPAFRGKG
GVVKVSRLKGESLRA?L,GVVKVSRLKGESLRARL
FIHHIIGGLF?A?KAIHR?I?RRRR,FIHHIIGGLFSAGKAIHRLIRRRRR
RQRVEEL?K?SKK??AA?RRK,RQRVEELSKFSKKGAAARRRK
F?GKVFKLASKVFGAVFGKV,FLGKVFKLASKVFGAVFGKV
L?LF?KLLR?IKK?FKK,LGLFKKLLRLIKKGFKK
FI??IIGGLFSVGKHIHGLIHGH,FIHHIIGGLFSVGKHIHGLIHGH
GLLSKVL?VGKKVLCGVSGLC,GLLSKVLGVGKKVLCGVSGLC
W??KL?R?KTKVVKKVKGL?KG,WFGKLYRGKTKVVKKVKGLLKG
A?RVTIIRIRNKRT?KVTIIVIR??,AARVTIIRIRNKRTGKVTIIVIRRK
G?NK?V?RPQP?PPH?RL,GNNKPVYRPQPRPPHPRL
?ISTIGKLPKWIIKTVNKFTKK,IISTIGKLPKWIIKTVNKFTKK
FLGVVVKLASKVF???F?KV,FLGVVVKLASKVFPAVFGKV
RIKRFWPVVIRTV?AGYN?YRAIKK,RIKRFWPVVIRTVVAGYNLYRAIKK
STI?K?VKWII?TV??FTKK,STIGKLVKWIIKTVNKFTKK
GW?DFKKT?KKLLRGASRLLKF,GWKDFKKTIKKLLRGASRLLKF
AL?KTLLK??L?AAAKAALKAVLVGAN?,ALWKTLLKKVLKAAAKAALKAVLVGANA
VV?N?LVKVLP??VV,VVVNVLVKVLPPPVV
FLS?PTT?TY??HF,FLSFPTTKTYFPHF
QWGRRC?GWGPGRRYCRRWC,QWGRRCCGWGPGRRYCRRWC
F?FHIIK?L?HAG?MI?GLVT,FIFHIIKGLFHAGKMIHGLVT
RGGR?CYCRRR?C?CE,RGGRLCYCRRRFCVCE
AKKVFKRLEKLF?KIQ?DK,AKKVFKRLEKLFSKIQNDK
VR??IL?RWI??RIQW,VRGKILVRWIRWRIQW
RRFKLLSHSLL?TLASHL,RRFKLLSHSLLVTLASHL
KFFKK?KKAVKK??KKFA?V,KFFKKLKKAVKKGFKKFAKV
??KVFKRLE??FSKIWNDK,AKKVFKRLEKLFSKIWNDK
?WRRPIR?RPIRP?FWR,RWRRPIRRRPIRPPFWR
AIHKLA?K??KK?LRAVKKLA?,AIHKLAHKLLKKLLRAVKKLAN
L???V?NLLKSL?,LLAIVGNLLKSLL
FL??L?KVASKVL,FLKALFKVASKVL
FIH?IGGLFSAGKAI??LIRRRRR,FIHIIGGLFSAGKAIHRLIRRRRR
GLPRKILCAI?K??GKCKGPLK?VCKC,GLPRKILCAIAKKKGKCKGPLKLVCKC
?QRY?HRYAR?LAK?W?G,FQRYFHRYARFLAKIWKG
RLC?I??IR?CR,RLCRIVVIRVCR
KRFGRL?KSFLRMRILLPRRKILLAS,KRFGRLAKSFLRMRILLPRRKILLAS
?RGIKK?I?KVK?V?KAI,RRGIKKFIKKVKKVKKAI
F?RLEKLFK??WNWK,FKRLEKLFKKIWNWK
??FKK?KK?VKK?FKKFAKV,KFFKKLKKAVKKGFKKFAKV
RRFKL?SHS?LVT?AS?L,RRFKLLSHSLLVTLASHL
RWCVYAC?RGVCYRRCW,RWCVYACVRGVCYRRCW
RG?FKKL?RKIKKGF?K,RGLFKKLRRKIKKGFKK
FLPK?ST?L??PYR?GTKDYH,FLPKMSTKLRVPYRRGTKDYH
TRR?FWKKVL?G??KIA?FLLG,TRRKFWKKVLNGALKIAPFLLG
KWKKFKK?GAVLKVL,KWKKFKKIGAVLKVL
RAGLQF??GGIGKFLHSAKKFGK,RAGLQFPVGGIGKFLHSAKKFGK
FLGVVFKLA?KVFG?VFKK?,FLGVVFKLASKVFGAVFKKV
FIKKF?KKF?KFIKKFAKF?FAF,FIKKFAKKFKKFIKKFAKFAFAF
AARV?IIRIRNKRTGKVTIIVIRRK,AARVTIIRIRNKRTGKVTIIVIRRK
FKWK?VLKGVKGFVKGYF,FKWKSVLKGVKGFVKGYF
WF?KLYRGITSVVKK?KGL?SG,WFGKLYRGITSVVKKVKGLLSG
KFFRKLK?SVK?RAK?FFKKPRVIGVSI?F,KFFRKLKKSVKKRAKEFFKKPRVIGVSIPF
WKKVFKR?EK?FSKIWNWK,WKKVFKRLEKLFSKIWNWK
RGGRLCYCRRRFCVC?,RGGRLCYCRRRFCVCI
AKKVFKRLEKLFSKI?NWK,AKKVFKRLEKLFSKIWNWK
?LGVVFKLASKV?PA?FG??,FLGVVFKLASKVFPAVFGKV
KWKSFLK?FK?AVKTVLHTA??AISS,KWKSFLKTFKSAVKTVLHTALKAISS
G?K?FK??IKKLLRGAS?LLKF,GWKDFKKTIKKLLRGASRLLKF
GIGAVLKVL?TGLPALIKRKRQQ,GIGAVLKVLTTGLPALIKRKRQQ
AHPRIKKHLD??MKKERHLAMKIAAP,AHPRIKKHLDLLMKKERHLAMKIAAP
MGRF?RFRKKFKKLFK?LS,MGRFKRFRKKFKKLFKKLS
?RIV?RIKDWL?KLCKKW,KRIVQRIKDWLRKLCKKW
G?KKPVPIIYCNRRTGKCQRM,GSKKPVPIIYCNRRTGKCQRM
KFFKKLKNSVK?RAKKFFKKPRVIG?SIP?,KFFKKLKNSVKKRAKKFFKKPRVIGVSIPF
DT?DYKKFGYRYD?LELEG?,DTFDYKKFGYRYDSLELEGR
AKK?FKRL?KLFS?IWNWK,AKKVFKRLEKLFSKIWNWK
?LPL?AGL?ASFLP?IFCK?SRKC,FLPLLAGLAASFLPTIFCKISRKC
?AKKFWKKFWKFWKI??KIA,IAKKFWKKFWKFWKIFKKIA
GFFK?ARRKVKKAFRRVL,GFFKKARRKVKKAFRRVL
AKKVF??LEK?FS,AKKVFKRLEKLFS
FIH?I?RGIV?AGRSIGRFLTG,FIHHIFRGIVHAGRSIGRFLTG
FAKKLA??KKKLAKL?LAL,FAKKLAKLKKKLAKLALAL
?LGLIF?GL?HAG?LIHGL?HRNRG,FLGLIFHGLVHAGKLIHGLIHRNRG
RAGLQFPV?RLLRRLLRR?LR,RAGLQFPVGRLLRRLLRRLLR
?VHRLLRR?HRLLRRVHRLLR,RVHRLLRRVHRLLRRVHRLLR
R??RFWPVVIRTVV?GYNL?RAIKKK,RIKRFWPVVIRTVVAGYNLYRAIKKK
RGGRL?YCRRRFCVCVGR,RGGRLCYCRRRFCVCVGR
L??FKKL?RLILKGFKL,LGLFKKLLRLILKGFKL
AGLFKKLARAI??GFKA,AGLFKKLARAIKKGFKA
FL?VVFKLASKVFKAVFGKV,FLGVVFKLASKVFKAVFGKV
F?KKVKKS?KKR?KKIFKKP?VI,FFKKVKKSVKKRLKKIFKKPMVI
RIK?RT?RLALRWLKL,RIKTRTWRLALRWLKL
FIH?IIGGL?SAGKAIHRLIRRRRR,FIHHIIGGLFSAGKAIHRLIRRRRR
AIHNL?HK?LKKLTRA?KKLAN,AIHNLAHKLLKKLTRAVKKLAN
TR?SRAGL?FPVGRVHR?LRK,TRSSRAGLQFPVGRVHRLLRK
RAGLQFPVGRVH?LLR,RAGLQFPVGRVHRLLR
FQ?YF??Y?RFLAKIWK?,FQRYFHRYARFLAKIWKG
RL?RIVVI?VSR,RLSRIVVIRVSR
?FWPVV?R?V?AGYNLY?AIKKK,RFWPVVIRTVVAGYNLYRAIKKK
PRPPHP??P?HPPRPPHPRL,PRPPHPPRPPHPPRPPHPRL
YYHFWH?G?TKRSLS??R?R,YYHFWHRGVTKRSLSPHRPR
FFKK??KSV??RLKKIFK?PMVI,FFKKVKKSVKKRLKKIFKKPMVI
KK?WQ???R?FQKL,KKIWQKIKRFFQKL
FKRLK?LFSKIWN?K,FKRLKKLFSKIWNWK
KFFKKLKNSVKKRAKKF?KK?RVIGVSIPF,KFFKKLKNSVKKRAKKFFKKPRVIGVSIPF
KF?RKLKKSVKKRAKEFFKKP?VIGVSIPF,KFFRKLKKSVKKRAKEFFKKPRVIGVSIPF
G?RKWL?KFKKFW,GLRKWLRKFKKFW
?GLQF?VGRIGRLLRK,AGLQFPVGRIGRLLRK
GFFKKAWRKVKK?FRR?L,GFFKKAWRKVKKAFRRVL
?KR?EKLF?KIWNW?,FKRLEKLFSKIWNWK
FQRYFH?YAR?LAKI?K?,FQRYFHRYARFLAKIWKG
F?GVVF?LA?KVFG?VFGKV,FLGVVFKLASKVFGAVFGKV
GGGGRFKRFRKKFKKLFKKLS?V?PLLHL?,GGGGRFKRFRKKFKKLFKKLSPVIPLLHLG
CRVR?RCRR?RC?VRLRC,CRVRLRCRRRRCKVRLRC
?K?LQK?VGRVHRLL?K,RKGLQKLVGRVHRLLRK
RAGLQ?P?GRLLRR??RRLLR,RAGLQFPVGRLLRRLLRRLLR
WFGK?YRGKTKVVKKVKGLLKG,WFGKLYRGKTKVVKKVKGLLKG
R??AGNGSVHRYTVLSPR?K?Q,RPWAGNGSVHRYTVLSPRLKTQ
?RWLWLLR?G?KAAGW?IRAHLNR?Q,TRWLWLLRGGLKAAGWGIRAHLNRNQ
GLQFPV?RVHR?L??,GLQFPVGRVHRLLRK
RLW??VVIRV?R,RLWRIVVIRVKR
F?GKVFKLASK?FPAVFKKV,FLGKVFKLASKVFPAVFKKV
GRFSRLR?RI?KVWRKI??IAGPIIGHFG,GRFSRLRKRIRKVWRKIGPIAGPIIGHFG
FK?F?KKLKNS?K?R,FKKFFKKLKNSVKKR
GLRKRLRKF?NKIKF,GLRKRLRKFFNKIKF
FHIIGGLFSAGK?IHRLIRR???,FHIIGGLFSAGKAIHRLIRRRRR
GILDTLKQFAKGVG?DLVKGAAQGVLS,GILDTLKQFAKGVGKDLVKGAAQGVLS
FLKALFKVAL???,FLKALFKVALKVL
YYHFWHRGV?KRSL?PHRPRHSR,YYHFWHRGVTKRSLSPHRPRHSR
?VRRFWPL?PVAINTVAAGINLYKAIRRK,RVRRFWPLVPVAINTVAAGINLYKAIRRK
F?PK?S?KLRVPYRRGTKDY?,FLPKMSTKLRVPYRRGTKDYH
R?GRFLRKIRRMRLK,RFGRFLRKIRRMRLK
NLRRIIRKIIHIIKK?,NLRRIIRKIIHIIKKY
K?FKRLEK?FS?IQN?K,KVFKRLEKLFSKIQNDK
FKRLKKLF?KIWNWK,FKRLKKLFKKIWNWK
RGGRLCYCRGWICFCV?R,RGGRLCYCRGWICFCVGR
?A?KL?KKLKKLAKKLAK,FAKKLAKKLKKLAKKLAK
LLPI?IN?LKSLL,LLPIVINLLKSLL
AKKVF??LEKLFSKIQNDK,AKKVFKRLEKLFSKIQNDK
RFGRF?RKIR?F?PK,RFGRFLRKIRRFRPK
GIG?VLKVLT?GLPALIKRKRQQ,GIGAVLKVLTTGLPALIKRKRQQ
GNNRPVYI?QPR?P?PR?,GNNRPVYIPQPRPPHPRL
WFGHLYRGITK??KH?HGLLKG,WFGHLYRGITKVVKHVHGLLKG
KKL??IV??LLKSLL,KKLLPIVANLLKSLL
R??RPLLQLLK?K?R,RLLRPLLQLLKQKLR
FIHHIFRG?VHA?RSIGRFL?G,FIHHIFRGIVHAGRSIGRFLTG
A?KVF??L?KLFSKIQNWK,AKKVFKRLEKLFSKIQNWK
FKRLKK??K?IWN??,FKRLKKLFKKIWNWK
SML?VLKKLGK??LGFVACKIN?Q?,SMLSVLKKLGKVGLGFVACKINKQC
KNL?R?IRK??H?IKKYG,KNLRRIIRKIIHIIKKYG
GWWRRTVKKVRNAVRK?,GWWRRTVKKVRNAVRKV
HGVSG??QH?T?G,HGVSGHGQHGTHG
IA?KFWPKFWKFWKIFKKIA,IAKKFWPKFWKFWKIFKKIA
FIHHI?GGLFSAGKA?HRLIRRRRR,FIHHIIGGLFSAGKAIHRLIRRRRR
KKIAKKFWKKFW?F??IFKK,KKIAKKFWKKFWKFWKIFKK
FLFRV?SKVFP??I?KFKKK,FLFRVASKVFPALIGKFKKK
W?GKLYRG?TSV??KVK?LLSG,WFGKLYRGITSVVKKVKGLLSG
KLL??RLL?T?A,KLLRHRLLVTLA
F?PVV?RTVVAG?N?YRAIKKK,FWPVVIRTVVAGYNLYRAIKKK
?R?KIK?GFK?IFK?L,LRRKIKKGFKKIFKRL
FFKKVKKS??KRLKKIFKKPMVI,FFKKVKKSVKKRLKKIFKKPMVI
TTSIRRRYQ?SLI?RH?GK?,TTSIRRRYQVSLIRRHRGKR
F??HIIKG?FHAG?MIHGL?TRRRH,FIFHIIKGLFHAGKMIHGLVTRRRH
?LGKVFKLA??V?PAVFGKV,FLGKVFKLASKVFPAVFGKV
F?SFPTTKTYFPH,FLSFPTTKTYFPH
RWRW?IRR??IR?PFYR,RWRWPIRRPPIRPPFYR
IAKKFWKKFW?F?KIFK??A,IAKKFWKKFWKFWKIFKKIA
KFFRKLA??VKKA?KEF?KKPRVIGVSIPF,KFFRKLAKSVKKAAKEFFKKPRVIGVSIPF
K?FKKL?K?VKKGFKKFAKV,KFFKKLKKAVKKGFKKFAKV
K?CIAKAILKKAKKLLKKLVNP,KKCIAKAILKKAKKLLKKLVNP
AHPKWME?V?SRQRKKKHNKRRATY,AHPKWMEVVRSRQRKKKHNKRRATY
