Smiles,Name
N=C(N)NCCC[C@H](N)C(=O)O,R
N[C@@H](Cc1c[nH]cn1)C(=O)O,H
NCCCC[C@H](N)C(=O)O,K
N[C@@H](CC(=O)O)C(=O)O,D
N[C@@H](CCC(=O)O)C(=O)O,E
N[C@@H](CO)C(=O)O,S
C[C@@H](O)[C@H](N)C(=O)O,T
NC(=O)C[C@H](N)C(=O)O,N
NC(=O)CC[C@H](N)C(=O)O,Q
N[C@@H](CS)C(=O)O,C
NCC(=O)O,G
C[C@H](N)C(=O)O,A
O=C(O)[C@@H]1CCCN1,P
CC[C@H](C)[C@H](N)C(=O)O,I
CC(C)C[C@H](N)C(=O)O,L
CSCC[C@H](N)C(=O)O,M
N[C@@H](Cc1ccccc1)C(=O)O,F
N[C@@H](Cc1c[nH]c2ccccc12)C(=O)O,W
N[C@@H](Cc1ccc(O)cc1)C(=O)O,Y
CC(C)[C@H](N)C(=O)O,V
N[C@H](C(=O)O)c1sc(S)nc1-c1ccc(F)cc1,WXI
N[C@@H](Cn1c(S)nnc1-c1ccc(F)cc1)C(=O)O,ZN9
Cc1nc2nc(S)nn2c(C)c1[C@H](N)C(=O)O,M6E